{
  "$schema": "https://vega.github.io/schema/vega-lite/v4.json",
  "title": "Percentage composition of GDP",
  "width": "container",
  "params": [
    {
      "name": "Country_selection",
      "bind": {
        "input": "select",
        "options": [null, "China", "Russia"],
        "labels": ["United States"],
        "name": "Country Selection: "
      }
    }
  ],
  "transform": [
    {
      "filter": "(Country_selection == null && datum.Country == 'United States') || datum.Country == Country_selection "
    }
  ],
  "data": {
    "url": "https://raw.githubusercontent.com/mazm0002/FIT3179/main/data/Expenditure.csv"
  },
  "mark": "bar",
  "encoding": {
    "x": {
      "field": "Expenditure",
      "type": "nominal",
      "axis": {
        "domain": false,
        "ticks": false,
        "labelAngle": 0,
        "labelPadding": 4
      }
    },
    "y": {
      "field": "Percentage",
      "type": "quantitative",
      "axis": {"tickCount": 5, "grid": false},
      "title":"Percentage of total GDP"
    },
    "color": {
      "field": "Country",
      "scale": {"range": ["#85bb65"]}
    }
  },
  "config": {"legend": {"disable":true}}
}
