{
  "$schema": "https://vega.github.io/schema/vega-lite/v4.json",
  "title": "Gross Domestic Product (GDP) per Capita of Countries in 2019",
  "width": "container",


  "data": {
    "url": "https://raw.githubusercontent.com/mazm0002/FIT3179/main/js/ne_110m_admin_0_countries.topojson",
    "format": {"type": "topojson", "feature": "ne_110m_admin_0_countries"}
  },

"layer": [ 
  {
  "transform": [
    
    {
      
      "lookup": "properties.NAME",
      "from": {
        "data": {
          "url": "https://raw.githubusercontent.com/mazm0002/FIT3179/main/data/GDP2.csv"
        },
        "key": "Country",
        "fields": ["GDPperCap"]
      }
    }
  ],
  "projection": {"type": "equirectangular"},
  "mark": {"type": "geoshape"},
  "encoding": {
    "color": {"field": "GDPperCap", "type": "quantitative","title":"GDP per Capita ($)"},
    "tooltip": [
      {"field": "properties.NAME", "type": "nominal", "title": "Country"},
      {"field": "GDPperCap", "type": "quantitative","title":"GDP per Capita ($)"}
    ]
  }
  }
],

  "config": {}
}
