{
  "$schema": "https://vega.github.io/schema/vega-lite/v4.json",
  "title": "Happiness Index Scores of Countries in 2019",
  "width": 800,
  "height": 600,
  "data": {
    "url": "https://raw.githubusercontent.com/mazm0002/FIT3179/main/js/ne_110m_admin_0_countries.topojson",
    "format": {"type": "topojson", "feature": "ne_110m_admin_0_countries"}
  },
  "transform": [
    {
      "lookup": "properties.NAME",
      "from": {
        "data": {
          "url": "https://raw.githubusercontent.com/mazm0002/FIT3179/main/data/2019_happiness_index.csv"
        },
        "key": "Country or region",
        "fields": ["Score"]
      }
    }
  ],
  "projection": {"type": "equirectangular"},
  "mark": {"type": "geoshape"},
  "encoding": {
    "color": {"field": "Score", "type": "quantitative"},
    "tooltip": [
      {"field": "properties.NAME", "type": "nominal", "title": "Country"},
      {"field": "Score", "type": "quantitative"}
    ]
  },
  "config": {}
}
